{
	"200": "TSK.DocumentArchive",
	"201": "TSK.CommandHistory",
	"202": "TSK.CommandGroupArchive",
	"203": "TSK.CommandContainerArchive",
	"204": "TSK.ReplaceAllCommandArchive",
	"205": "TSK.TreeNode",
	"206": "TSK.ProgressiveCommandGroupArchive",
	"208": "TSK.CommandSelectionBehaviorHistoryArchive",
	"209": "TSK.UndoRedoStateCommandSelectionBehaviorArchive",
	"210": "TSK.ViewStateArchive",
	"211": "TSK.DocumentSupportArchive",
	"212": "TSK.AnnotationAuthorArchive",
	"213": "TSK.AnnotationAuthorStorageArchive",
	"214": "TSK.AddAnnotationAuthorCommandArchive",
	"215": "TSK.SetAnnotationAuthorColorCommandArchive",
	"400": "TSS.StyleArchive",
	"401": "TSS.StylesheetArchive",
	"402": "TSS.ThemeArchive",
	"410": "TSS.ApplyThemeCommandArchive",
	"411": "TSS.ApplyThemeChildCommandArchive",
	"412": "TSS.StyleUpdatePropertyMapCommandArchive",
	"413": "TSS.ThemeReplacePresetCommandArchive",
	"414": "TSS.ThemeAddStylePresetCommandArchive",
	"415": "TSS.ThemeRemoveStylePresetCommandArchive",
	"416": "TSS.ThemeReplaceColorPresetCommandArchive",
	"417": "TSS.ThemeMovePresetCommandArchive",
	"418": "TSS.ThemeReplaceStylePresetCommandArchive",
	"600": "TSA.DocumentArchive",
	"601": "TSA.FunctionBrowserStateArchive",
	"602": "TSA.PropagatePresetCommandArchive",
	"2001": "TSWP.StorageArchive",
	"2002": "TSWP.SelectionArchive",
	"2003": "TSWP.DrawableAttachmentArchive",
	"2004": "TSWP.TextualAttachmentArchive",
	"2005": "TSWP.StorageArchive",
	"2006": "TSWP.UIGraphicalAttachment",
	"2007": "TSWP.TextualAttachmentArchive",
	"2008": "TSWP.FootnoteReferenceAttachmentArchive",
	"2009": "TSWP.TextualAttachmentArchive",
	"2010": "TSWP.TSWPTOCPageNumberAttachmentArchive",
	"2011": "TSWP.ShapeInfoArchive",
	"2013": "TSWP.HighlightArchive",
	"2014": "TSWP.CommentInfoArchive",
	"2021": "TSWP.CharacterStyleArchive",
	"2022": "TSWP.ParagraphStyleArchive",
	"2023": "TSWP.ListStyleArchive",
	"2024": "TSWP.ColumnStyleArchive",
	"2025": "TSWP.ShapeStyleArchive",
	"2026": "TSWP.TOCEntryStyleArchive",
	"2031": "TSWP.PlaceholderSmartFieldArchive",
	"2032": "TSWP.HyperlinkFieldArchive",
	"2033": "TSWP.FilenameSmartFieldArchive",
	"2034": "TSWP.DateTimeSmartFieldArchive",
	"2035": "TSWP.BookmarkFieldArchive",
	"2036": "TSWP.MergeSmartFieldArchive",
	"2037": "TSWP.CitationRecordArchive",
	"2038": "TSWP.CitationSmartFieldArchive",
	"2039": "TSWP.UnsupportedHyperlinkFieldArchive",
	"2040": "TSWP.BibliographySmartFieldArchive",
	"2041": "TSWP.TOCSmartFieldArchive",
	"2042": "TSWP.RubyFieldArchive",
	"2043": "TSWP.NumberAttachmentArchive",
	"2050": "TSWP.TextStylePresetArchive",
	"2051": "TSWP.TOCSettingsArchive",
	"2052": "TSWP.TOCEntryInstanceArchive",
	"2060": "TSWP.ChangeArchive",
	"2061": "TSK.DeprecatedChangeAuthorArchive",
	"2062": "TSWP.ChangeSessionArchive",
	"2101": "TSWP.TextCommandArchive",
	"2102": "TSWP.InsertAttachmentCommandArchive",
	"2104": "TSWP.ReplaceAllTextCommandArchive",
	"2105": "TSWP.FormatTextCommandArchive",
	"2107": "TSWP.ApplyPlaceholderTextCommandArchive",
	"2108": "TSWP.ApplyHighlightTextCommandArchive",
	"2113": "TSWP.CreateHyperlinkCommandArchive",
	"2114": "TSWP.RemoveHyperlinkCommandArchive",
	"2115": "TSWP.ModifyHyperlinkCommandArchive",
	"2116": "TSWP.ApplyRubyTextCommandArchive",
	"2117": "TSWP.RemoveRubyTextCommandArchive",
	"2118": "TSWP.ModifyRubyTextCommandArchive",
	"2119": "TSWP.UpdateDateTimeFieldCommandArchive",
	"2120": "TSWP.ModifyTOCSettingsBaseCommandArchive",
	"2121": "TSWP.ModifyTOCSettingsForTOCInfoCommandArchive",
	"2122": "TSWP.ModifyTOCSettingsPresetForThemeCommandArchive",
	"2206": "TSWP.AnchorAttachmentCommandArchive",
	"2207": "TSWP.TextApplyThemeCommandArchive",
	"2231": "TSWP.ShapeApplyPresetCommandArchive",
	"2232": "TSWP.ShapePasteStyleCommandArchive",
	"2240": "TSWP.TOCInfoArchive",
	"2241": "TSWP.TOCAttachmentArchive",
	"2242": "TSWP.TOCLayoutHintArchive",
	"2400": "TSWP.StyleBaseCommandArchive",
	"2401": "TSWP.StyleCreateCommandArchive",
	"2402": "TSWP.StyleRenameCommandArchive",
	"2403": "TSWP.StyleUpdateCommandArchive",
	"2404": "TSWP.StyleDeleteCommandArchive",
	"2405": "TSWP.StyleReorderCommandArchive",
	"2406": "TSWP.StyleUpdatePropertyMapCommandArchive",
	"3002": "TSD.DrawableArchive",
	"3003": "TSD.ContainerArchive",
	"3004": "TSD.ShapeArchive",
	"3005": "TSD.ImageArchive",
	"3006": "TSD.MaskArchive",
	"3007": "TSD.MovieArchive",
	"3008": "TSD.GroupArchive",
	"3009": "TSD.ConnectionLineArchive",
	"3015": "TSD.ShapeStyleArchive",
	"3016": "TSD.MediaStyleArchive",
	"3020": "TSD.DrawablesCommandGroupArchive",
	"3021": "TSD.InfoGeometryCommandArchive",
	"3022": "TSD.DrawablePathSourceCommandArchive",
	"3023": "TSD.ShapePathSourceFlipCommandArchive",
	"3024": "TSD.ImageMaskCommandArchive",
	"3025": "TSD.ImageMediaCommandArchive",
	"3026": "TSD.ImageReplaceCommandArchive",
	"3027": "TSD.MediaOriginalSizeCommandArchive",
	"3028": "TSD.ShapeStyleSetValueCommandArchive",
	"3030": "TSD.MediaStyleSetValueCommandArchive",
	"3031": "TSD.ShapeApplyPresetCommandArchive",
	"3032": "TSD.MediaApplyPresetCommandArchive",
	"3033": "TSD.DrawableApplyThemeCommandArchive",
	"3034": "TSD.MovieSetValueCommandArchive",
	"3035": "TSD.ShapeSetLineEndCommandArchive",
	"3036": "TSD.ExteriorTextWrapCommandArchive",
	"3037": "TSD.MediaFlagsCommandArchive",
	"3038": "TSD.GroupDrawablesCommandArchive",
	"3039": "TSD.UngroupGroupCommandArchive",
	"3040": "TSD.DrawableHyperlinkCommandArchive",
	"3041": "TSD.ConnectionLineConnectCommandArchive",
	"3042": "TSD.InstantAlphaCommandArchive",
	"3043": "TSD.DrawableLockCommandArchive",
	"3045": "TSD.CanvasSelectionArchive",
	"3046": "TSD.CommandSelectionBehaviorArchive",
	"3047": "TSD.GuideStorageArchive",
	"3048": "TSD.StyledInfoSetStyleCommandArchive",
	"3049": "TSD.DrawableInfoCommentCommandArchive",
	"3050": "TSD.GuideCommandArchive",
	"3051": "TSD.DrawableAspectRatioLockedCommandArchive",
	"3052": "TSD.ContainerRemoveChildrenCommandArchive",
	"3053": "TSD.ContainerInsertChildrenCommandArchive",
	"3054": "TSD.ContainerReorderChildrenCommandArchive",
	"3055": "TSD.ImageAdjustmentsCommandArchive",
	"3056": "TSD.CommentStorageArchive",
	"3057": "TSD.ThemeReplaceFillPresetCommandArchive",
	"3058": "TSD.DrawableAccessibilityDescriptionCommandArchive",
	"3059": "TSD.PasteStyleCommandArchive",
	"3060": "TSD.CommentStorageApplyCommandArchive",
	"4000": "TSCE.CalculationEngineArchive",
	"4001": "TSCE.FormulaRewriteCommandArchive",
	"4002": "TSCE.TrackedReferencesRewriteCommandArchive",
	"4003": "TSCE.NamedReferenceManagerArchive",
	"4004": "TSCE.ReferenceTrackerArchive",
	"4005": "TSCE.TrackedReferenceArchive",
	"5000": "TSCH.PreUFF.ChartInfoArchive",
	"5002": "TSCH.PreUFF.ChartGridArchive",
	"5004": "TSCH.ChartMediatorArchive",
	"5010": "TSCH.PreUFF.ChartStyleArchive",
	"5011": "TSCH.PreUFF.ChartSeriesStyleArchive",
	"5012": "TSCH.PreUFF.ChartAxisStyleArchive",
	"5013": "TSCH.PreUFF.LegendStyleArchive",
	"5014": "TSCH.PreUFF.ChartNonStyleArchive",
	"5015": "TSCH.PreUFF.ChartSeriesNonStyleArchive",
	"5016": "TSCH.PreUFF.ChartAxisNonStyleArchive",
	"5017": "TSCH.PreUFF.LegendNonStyleArchive",
	"5020": "TSCH.ChartStylePreset",
	"5021": "TSCH.ChartDrawableArchive",
	"5022": "TSCH.ChartStyleArchive",
	"5023": "TSCH.ChartNonStyleArchive",
	"5024": "TSCH.LegendStyleArchive",
	"5025": "TSCH.LegendNonStyleArchive",
	"5026": "TSCH.ChartAxisStyleArchive",
	"5027": "TSCH.ChartAxisNonStyleArchive",
	"5028": "TSCH.ChartSeriesStyleArchive",
	"5029": "TSCH.ChartSeriesNonStyleArchive",
	"5103": "TSCH.CommandSetChartTypeArchive",
	"5104": "TSCH.CommandSetSeriesNameArchive",
	"5105": "TSCH.CommandSetCategoryNameArchive",
	"5107": "TSCH.CommandSetScatterFormatArchive",
	"5108": "TSCH.CommandSetLegendFrameArchive",
	"5109": "TSCH.CommandSetGridValueArchive",
	"5110": "TSCH.CommandSetGridDirectionArchive",
	"5113": "TSCH.SynchronousCommandArchive",
	"5114": "TSCH.CommandReplaceAllArchive",
	"5115": "TSCH.CommandAddGridRowsArchive",
	"5116": "TSCH.CommandAddGridColumnsArchive",
	"5117": "TSCH.CommandSetPreviewLocArchive",
	"5118": "TSCH.CommandMoveGridRowsArchive",
	"5119": "TSCH.CommandMoveGridColumnsArchive",
	"5120": "TSCH.CommandDeleteGridRowsArchive",
	"5121": "TSCH.CommandDeleteGridColumnsArchive",
	"5122": "TSCH.CommandSetPieWedgeExplosion",
	"5123": "TSCH.CommandStyleSwapArchive",
	"5124": "TSCH.CommandChartApplyTheme",
	"5125": "TSCH.CommandChartApplyPreset",
	"5126": "TSCH.ChartCommandArchive",
	"5127": "TSCH.CommandReplaceGridValuesArchive",
	"5129": "TSCH.StylePasteboardDataArchive",
	"5130": "TSCH.CommandSetMultiDataSetIndexArchive",
	"5131": "TSCH.CommandReplaceThemePresetArchive",
	"5132": "TSCH.CommandInvalidateWPCaches",
	"6000": "TST.TableInfoArchive",
	"6001": "TST.TableModelArchive",
	"6002": "TST.Tile",
	"6003": "TST.TableStyleArchive",
	"6004": "TST.CellStyleArchive",
	"6005": "TST.TableDataList",
	"6006": "TST.HeaderStorageBucket",
	"6007": "TST.WPTableInfoArchive",
	"6008": "TST.TableStylePresetArchive",
	"6009": "TST.TableStrokePresetArchive",
	"6010": "TST.ConditionalStyleSetArchive",
	"6100": "TST.TableCommandArchive",
	"6101": "TST.CommandDeleteCellsArchive",
	"6102": "TST.CommandInsertColumnsOrRowsArchive",
	"6103": "TST.CommandRemoveColumnsOrRowsArchive",
	"6104": "TST.CommandResizeColumnOrRowArchive",
	"6105": "TST.CommandSetCellArchive",
	"6106": "TST.CommandSetNumberOfHeadersOrFootersArchive",
	"6107": "TST.CommandSetTableNameArchive",
	"6108": "TST.CommandStyleCellsArchive",
	"6109": "TST.CommandFillCellsArchive",
	"6110": "TST.CommandReplaceAllTextArchive",
	"6111": "TST.CommandChangeFreezeHeaderStateArchive",
	"6112": "TST.CommandReplaceTextArchive",
	"6113": "TST.CommandPasteArchive",
	"6114": "TST.CommandSetTableNameEnabledArchive",
	"6115": "TST.CommandMoveRowsArchive",
	"6116": "TST.CommandMoveColumnsArchive",
	"6117": "TST.CommandApplyTableStylePresetArchive",
	"6118": "TST.CommandApplyStrokePresetArchive",
	"6119": "TST.CommandSetExplicitFormatArchive",
	"6120": "TST.CommandSetRepeatingHeaderEnabledArchive",
	"6121": "TST.CommandApplyThemeToTableArchive",
	"6122": "TST.CommandApplyThemeChildForTableArchive",
	"6123": "TST.CommandSortArchive",
	"6124": "TST.CommandToggleTextPropertyArchive",
	"6125": "TST.CommandStyleTableArchive",
	"6126": "TST.CommandSetNumberOfDecimalPlacesArchive",
	"6127": "TST.CommandSetShowThousandsSeparatorArchive",
	"6128": "TST.CommandSetNegativeNumberStyleArchive",
	"6129": "TST.CommandSetFractionAccuracyArchive",
	"6130": "TST.CommandSetSingleNumberFormatParameterArchive",
	"6131": "TST.CommandSetCurrencyCodeArchive",
	"6132": "TST.CommandSetUseAccountingStyleArchive",
	"6134": "TST.CommandRewriteFormulasForSortArchive",
	"6135": "TST.CommandRewriteFormulasForTectonicShiftArchive",
	"6136": "TST.CommandSetTableFontNameArchive",
	"6137": "TST.CommandSetTableFontSizeArchive",
	"6138": "TST.CommandRewriteFormulasForMoveArchive",
	"6139": "TST.CommandFixStylesInHeadersOrFootersArchive",
	"6141": "TST.CommandResetFillPropertyToDefault",
	"6142": "TST.CommandSetTableNameHeightArchive",
	"6143": "TST.CommandMergeUnmergeArchive",
	"6144": "TST.MergeRegionMapArchive",
	"6145": "TST.CommandHideShowArchive",
	"6146": "TST.CommandSetBaseArchive",
	"6147": "TST.CommandSetBasePlacesArchive",
	"6148": "TST.CommandSetBaseUseMinusSignArchive",
	"6179": "TST.FormulaEqualsTokenAttachmentArchive",
	"6181": "TST.TokenAttachmentArchive",
	"6182": "TST.ExpressionNodeArchive",
	"6183": "TST.BooleanNodeArchive",
	"6184": "TST.NumberNodeArchive",
	"6185": "TST.StringNodeArchive",
	"6186": "TST.ArrayNodeArchive",
	"6187": "TST.ListNodeArchive",
	"6188": "TST.OperatorNodeArchive",
	"6189": "TST.FunctionNodeArchive",
	"6190": "TST.DateNodeArchive",
	"6191": "TST.ReferenceNodeArchive",
	"6192": "TST.DurationNodeArchive",
	"6193": "TST.ArgumentPlaceholderNodeArchive",
	"6194": "TST.PostfixOperatorNodeArchive",
	"6195": "TST.PrefixOperatorNodeArchive",
	"6196": "TST.FunctionEndNodeArchive",
	"6197": "TST.EmptyExpressionNodeArchive",
	"6198": "TST.LayoutHintArchive",
	"6199": "TST.CompletionTokenAttachmentArchive",
	"6200": "TST.FormulaEditingCommandGroupArchive",
	"6201": "TST.TableDataList",
	"6202": "TST.CommandCoerceMultipleCellsArchive",
	"6203": "TST.CommandSetMultipleCellsCustomArchive",
	"6204": "TST.HiddenStateFormulaOwnerArchive",
	"6205": "TST.CommandSetAutomaticDurationUnitsArchive",
	"6206": "TST.PopUpMenuModel",
	"6207": "TST.CommandSetControlMinimumArchive",
	"6208": "TST.CommandSetControlMaximumArchive",
	"6209": "TST.CommandSetControlIncrementArchive",
	"6210": "TST.CommandSetControlCellsDisplayNumberFormatArchive",
	"6211": "TST.CommandSetMultipleCellsMultipleChoiceListArchive",
	"6212": "TST.CommandSetMultipleChoiceListFormatForEditedItemArchive",
	"6213": "TST.CommandSetMultipleChoiceListFormatForDeleteItemArchive",
	"6214": "TST.CommandSetMultipleChoiceListFormatForReorderItemArchive",
	"6215": "TST.CommandSetMultipleChoiceListFormatForInitialValueArchive",
	"6216": "TST.CommandRewriteFormulasForCellMergeArchive",
	"6217": "TST.TableInfoGeometryCommandArchive",
	"6218": "TST.RichTextPayloadArchive",
	"6219": "TST.EditingStateArchive",
	"6220": "TST.FilterSetArchive",
	"6221": "TST.CommandSetFiltersEnabledArchive",
	"6222": "TST.CommandRewriteFilterFormulasForTectonicShiftArchive",
	"6223": "TST.CommandRewriteFilterFormulasForSortArchive",
	"6224": "TST.CommandRewriteFilterFormulasForTableResizeArchive",
	"6225": "TST.CommandSetAutomaticFormatArchive",
	"6226": "TST.CommandTextPreflightInsertCellArchive",
	"6227": "TST.FormulaEditingCommandSelectionBehaviorArchive",
	"6228": "TST.CommandDeleteCellContentsArchive",
	"6229": "TST.CommandPostflightSetCellArchive",
	"6231": "TST.CommandRewriteConditionalStylesForTectonicShiftArchive",
	"6232": "TST.CommandRewriteConditionalStylesForSortArchive",
	"6233": "TST.CommandRewriteConditionalStylesForRangeMoveArchive",
	"6234": "TST.CommandRewriteConditionalStylesForCellMergeArchive",
	"6235": "TST.IdentifierNodeArchive",
	"6236": "TST.UndoRedoStateCommandSelectionBehaviorArchive",
	"6237": "TST.CommandSetStyleApplyClearsAllFlagArchive",
	"6238": "TST.CommandSetDateTimeFormatArchive",
	"6239": "TST.TableCommandSelectionBehaviorArchive",
	"6240": "TST.CommandAddQuickFilterRulesArchive",
	"6241": "TST.CommandModifyFilterRuleArchive",
	"6242": "TST.CommandDeleteFilterRulesArchive",
	"6244": "TST.CommandApplyCellCommentArchive",
	"6245": "TST.CommandApplyConditionalStyleSetArchive",
	"6246": "TST.CommandSetFormulaTokenizationArchive",
	"6247": "TST.TableStyleNetworkArchive",
	"6248": "TST.CommandSetFilterEnabledArchive",
	"6249": "TST.CommandSetFilterRuleEnabledArchive",
	"6250": "TST.CommandSetFilterSetTypeArchive",
	"6251": "TST.CommandSetStyleNetworkArchive",
	"6252": "TST.CommandMutateCellsArchive",
	"6253": "TST.DisableTableNameSelectionBehaviorArchive",
	"6254": "TST.CommandDisableFilterRulesForColumnArchive",
	"6255": "TST.CommandSetTextStyleArchive",
	"6256": "TST.CommandNotifyForTransformingArchive",
	"11000": "TSP.PasteboardObject",
	"11006": "TSP.PackageMetadata",
	"11007": "TSP.PasteboardMetadata",
	"11008": "TSP.ObjectContainer",
}
