{
	"1": "KN.DocumentArchive",
	"2": "KN.ShowArchive",
	"3": "KN.UIStateArchive",
	"4": "KN.SlideNodeArchive",
	"5": "KN.SlideArchive",
	"6": "KN.SlideArchive",
	"7": "KN.PlaceholderArchive",
	"8": "KN.BuildArchive",
	"9": "KN.SlideStyleArchive",
	"10": "KN.ThemeArchive",
	"11": "KN.PasteboardNativeStorageArchive",
	"12": "KN.PlaceholderArchive",
	"14": "TSWP.TextualAttachmentArchive",
	"15": "KN.NoteArchive",
	"16": "KN.RecordingArchive",
	"17": "KN.RecordingEventTrackArchive",
	"18": "KN.RecordingMovieTrackArchive",
	"19": "KN.ClassicStylesheetRecordArchive",
	"20": "KN.ClassicThemeRecordArchive",
	"21": "KN.Soundtrack",
	"22": "KN.SlideNumberAttachmentArchive",
	"23": "KN.DesktopUILayoutArchive",
	"24": "KN.CanvasSelectionArchive",
	"25": "KN.SlideCollectionSelectionArchive",
	"100": "KN.CommandBuildSetValueArchive",
	"101": "KN.CommandShowInsertSlideArchive",
	"102": "KN.CommandShowMoveSlideArchive",
	"103": "KN.CommandShowRemoveSlideArchive",
	"104": "KN.CommandSlideInsertDrawablesArchive",
	"105": "KN.CommandSlideRemoveDrawableArchive",
	"106": "KN.CommandSlideNodeSetPropertyArchive",
	"107": "KN.CommandSlideInsertBuildArchive",
	"108": "KN.CommandSlideMoveBuildWithoutMovingChunksArchive",
	"109": "KN.CommandSlideRemoveBuildArchive",
	"110": "KN.CommandSlideInsertBuildChunkArchive",
	"111": "KN.CommandSlideMoveBuildChunkArchive",
	"112": "KN.CommandSlideRemoveBuildChunkArchive",
	"113": "KN.CommandSlideSetValueArchive",
	"114": "KN.CommandTransitionSetValueArchive",
	"115": "KN.UIStateCommandGroupArchive",
	"116": "KN.CommandSlidePasteDrawablesArchive",
	"117": "KN.CommandSlideApplyThemeArchive",
	"118": "KN.CommandSlideMoveDrawableZOrderArchive",
	"119": "KN.CommandChangeMasterSlideArchive",
	"123": "KN.CommandShowSetSlideNumberVisibilityArchive",
	"124": "KN.CommandShowSetValueArchive",
	"128": "KN.CommandShowMarkOutOfSyncRecordingArchive",
	"129": "KN.CommandShowRemoveRecordingArchive",
	"130": "KN.CommandShowReplaceRecordingArchive",
	"131": "KN.CommandShowSetSoundtrack",
	"132": "KN.CommandSoundtrackSetValue",
	"133": "KN.CommandMasterRescaleArchive",
	"134": "KN.CommandMoveMastersArchive",
	"135": "KN.CommandInsertMasterArchive",
	"136": "KN.CommandSlideSetStyleArchive",
	"137": "KN.CommandSlideSetPlaceholdersForTagsArchive",
	"138": "KN.CommandBuildChunkSetValueArchive",
	"139": "KN.CommandSlideMoveBuildChunksArchive",
	"140": "KN.CommandRemoveMasterArchive",
	"141": "KN.CommandRenameMasterArchive",
	"142": "KN.CommandMasterSetThumbnailTextArchive",
	"143": "KN.CommandShowChangeThemeArchive",
	"144": "KN.CommandSlidePrimitiveSetMasterArchive",
	"145": "KN.CommandMasterSetBodyStylesArchive",
	"146": "KN.CommandSlideReapplyMasterArchive",
	"147": "KN.SlideCollectionCommandSelectionBehaviorArchive",
	"148": "KN.ChartInfoGeometryCommandArchive",
	"10011": "TSWP.SectionPlaceholderArchive",
}
