{
	"1": "TN.DocumentArchive",
	"2": "TN.SheetArchive",
	"3": "TN.FormBasedSheetArchive",
	"7": "TN.PlaceholderArchive",
	"10011": "TSWP.SectionPlaceholderArchive",
	"12002": "TN.CommandSheetInsertDrawablesArchive",
	"12003": "TN.CommandDocumentInsertSheetArchive",
	"12004": "TN.CommandDocumentRemoveSheetArchive",
	"12005": "TN.CommandSetSheetNameArchive",
	"12006": "TN.ChartMediatorArchive",
	"12007": "TN.CommandPasteDrawablesArchive",
	"12008": "TN.CommandDocumentReorderSheetArchive",
	"12009": "TN.ThemeArchive",
	"12010": "TN.CommandPasteSheetArchive",
	"12011": "TN.CommandReorderSidebarItemChildrenAchive",
	"12012": "TN.CommandSheetRemoveDrawablesArchive",
	"12013": "TN.CommandSheetMoveDrawableZOrderArchive",
	"12014": "TN.CommandChartMediatorSetEditingState",
	"12015": "TN.CommandFormChooseTargetTableArchive",
	"12016": "TN.CommandChartMediatorUpdateForEntityDelete",
	"12017": "TN.CommandSetPageOrientationArchive",
	"12018": "TN.CommandSetContentScaleArchive",
	"12019": "TN.CommandSetShowPageNumbersValueArchive",
	"12021": "TN.CommandSetAutofitValueArchive",
	"12024": "TN.UndoRedoStateArchive",
	"12025": "TN.CommandDocumentReplaceLastSheetArchive",
	"12026": "TN.UIStateArchive",
	"12027": "TN.ChartCommandSelectionBehaviorArchive",
	"12028": "TN.SheetSelectionArchive",
	"12029": "TN.SheetCommandSelectionBehaviorArchive",
	"12030": "TN.CommandSetDocumentPrinterOptions",
}
