{
	"7": "TP.PlaceholderArchive",
	"10000": "TP.DocumentArchive",
	"10001": "TP.ThemeArchive",
	"10010": "TP.FloatingDrawablesArchive",
	"10011": "TP.SectionArchive",
	"10012": "TP.SettingsArchive",
	"10015": "TP.DrawablesZOrderArchive",
	"10101": "TP.InsertDrawablesCommandArchive",
	"10102": "TP.RemoveDrawablesCommandArchive",
	"10108": "TP.PasteAnchoredDrawablesCommandArchive",
	"10109": "TP.PasteDrawablesCommandArchive",
	"10110": "TP.MoveDrawablesAttachedCommandArchive",
	"10111": "TP.MoveDrawablesFloatingCommandArchive",
	"10112": "TP.MoveInlineDrawableAnchoredCommandArchive",
	"10113": "TP.InsertFootnoteCommandArchive",
	"10114": "TP.ChangeFootnoteFormatCommandArchive",
	"10115": "TP.ChangeFootnoteKindCommandArchive",
	"10116": "TP.ChangeFootnoteNumberingCommandArchive",
	"10117": "TP.ToggleBodyLayoutDirectionCommandArchive",
	"10118": "TP.ChangeFootnoteSpacingCommandArchive",
	"10119": "TP.MoveAnchoredDrawableInlineCommandArchive",
	"10120": "TP.ChangeSectionMarginsCommandArchive",
	"10121": "TP.ChangeDocumentPrinterOptionsCommandArchive",
	"10125": "TP.InsertMasterDrawablesCommandArchive",
	"10126": "TP.RemoveMasterDrawablesCommandArchive",
	"10127": "TP.PasteMasterDrawablesCommandArchive",
	"10128": "TP.NudgeDrawablesCommandArchive",
	"10130": "TP.MoveDrawablesPageIndexCommandArchive",
	"10131": "TP.LayoutStateArchive",
	"10132": "TP.CanvasSelectionArchive",
	"10133": "TP.ViewStateArchive",
	"10134": "TP.ChangeHeaderFooterVisibilityCommandArchive",
	"10140": "TP.MoveMasterDrawableZOrderCommandArchive",
	"10141": "TP.SwapDrawableZOrderCommandArchive",
	"10142": "TP.RemoveAnchoredDrawableCommandArchive",
	"10143": "TP.PageMasterArchive",
	"10147": "TP.UIStateArchive",
	"10148": "TP.ChangeCTVisibilityCommandArchive",
	"10149": "TP.TrackChangesCommandArchive",
	"10150": "TP.DocumentHyphenationCommandArchive",
	"10151": "TP.DocumentLigaturesCommandArchive",
	"10152": "TP.InsertSectionBreakCommandArchive",
	"10153": "TP.DeleteSectionCommandArchive",
	"10154": "TP.ReplaceSectionCommandArchive",
	"10155": "TP.ChangeSectionPropertyCommandArchive",
	"10156": "TP.DocumentHasBodyCommandArchive",
	"10157": "TP.PauseChangeTrackingCommandArchive",
}
